Date;Name;Status;Description;Exception
16/09/2024 11:05:35;Automação para anexação de PDFs em documentos contábeis no SAP;Report;não foi possivel extrair a cheve de acesso do caminho 'R:\Automação para anexação de PDFs em documentos contábeis no SAP - Felipe Dias\downloads/pdf\NFte33210831451131000119550010001532601222946000.pdf';NoneType: None <br> 
16/09/2024 14:20:34;Automação para anexação de PDFs em documentos contábeis no SAP;Error;o campo da MIRO está vazio;"Traceback (most recent call last): <br>   File ""r:\Automação para anexação de PDFs em documentos contábeis no SAP - Felipe Dias\Entities\anexar_pdf.py"", line 119, in anexar_pdf_miro <br>     if not self.session.findById(""wnd[0]/usr/shell/shellcont[1]/shell"").GetCellValue(1,""LINK_DOC""): <br>            ^^^^^^^^^^^^^^^^^^^^^^^^^^^^^^^^^^^^^^^^^^^^^^^^^^^^^^^^^^^^ <br>   File ""<COMObject <unknown>>"", line 2, in findById <br> pywintypes.com_error: (-2147352567, 'Exceção.', (619, 'SAP Frontend Server', 'The control could not be found by id.', 'C:\\Program Files (x86)\\SAP\\FrontEnd\\SapGui\\sapfront.HLP', 393215, 0), None) <br>  <br> During handling of the above exception, another exception occurred: <br>  <br> Traceback (most recent call last): <br>   File ""r:\Automação para anexação de PDFs em documentos contábeis no SAP - Felipe Dias\Entities\anexar_pdf.py"", line 122, in anexar_pdf_miro <br>     raise exceptions.MiroNotFoundError(""o campo da MIRO está vazio"") <br> Entities.exceptions.MiroNotFoundError: o campo da MIRO está vazio <br> "
16/09/2024 14:23:05;Automação para anexação de PDFs em documentos contábeis no SAP;Error;(-2147352567, 'Exceção.', (619, 'SAP Frontend Server', 'The control could not be found by id.', 'C:\\Program Files (x86)\\SAP\\FrontEnd\\SapGui\\sapfront.HLP', 393215, 0), None);"Traceback (most recent call last): <br>   File ""r:\Automação para anexação de PDFs em documentos contábeis no SAP - Felipe Dias\Entities\anexar_pdf.py"", line 118, in anexar_pdf_miro <br>     print(self.session.findById(""wnd[0]/tbar"").text) <br>           ^^^^^^^^^^^^^^^^^^^^^^^^^^^^^^^^^^^^ <br>   File ""<COMObject <unknown>>"", line 2, in findById <br> pywintypes.com_error: (-2147352567, 'Exceção.', (619, 'SAP Frontend Server', 'The control could not be found by id.', 'C:\\Program Files (x86)\\SAP\\FrontEnd\\SapGui\\sapfront.HLP', 393215, 0), None) <br> "
16/09/2024 14:23:11;Automação para anexação de PDFs em documentos contábeis no SAP;Error;(-2147352567, 'Exceção.', (619, 'SAP Frontend Server', 'The control could not be found by id.', 'C:\\Program Files (x86)\\SAP\\FrontEnd\\SapGui\\sapfront.HLP', 393215, 0), None);"Traceback (most recent call last): <br>   File ""r:\Automação para anexação de PDFs em documentos contábeis no SAP - Felipe Dias\Entities\anexar_pdf.py"", line 118, in anexar_pdf_miro <br>     print(self.session.findById(""wnd[0]/tbar"").text) <br>           ^^^^^^^^^^^^^^^^^^^^^^^^^^^^^^^^^^^^ <br>   File ""<COMObject <unknown>>"", line 2, in findById <br> pywintypes.com_error: (-2147352567, 'Exceção.', (619, 'SAP Frontend Server', 'The control could not be found by id.', 'C:\\Program Files (x86)\\SAP\\FrontEnd\\SapGui\\sapfront.HLP', 393215, 0), None) <br> "
16/09/2024 14:23:18;Automação para anexação de PDFs em documentos contábeis no SAP;Error;(-2147352567, 'Exceção.', (619, 'SAP Frontend Server', 'The control could not be found by id.', 'C:\\Program Files (x86)\\SAP\\FrontEnd\\SapGui\\sapfront.HLP', 393215, 0), None);"Traceback (most recent call last): <br>   File ""r:\Automação para anexação de PDFs em documentos contábeis no SAP - Felipe Dias\Entities\anexar_pdf.py"", line 118, in anexar_pdf_miro <br>     print(self.session.findById(""wnd[0]/tbar"").text) <br>           ^^^^^^^^^^^^^^^^^^^^^^^^^^^^^^^^^^^^ <br>   File ""<COMObject <unknown>>"", line 2, in findById <br> pywintypes.com_error: (-2147352567, 'Exceção.', (619, 'SAP Frontend Server', 'The control could not be found by id.', 'C:\\Program Files (x86)\\SAP\\FrontEnd\\SapGui\\sapfront.HLP', 393215, 0), None) <br> "
16/09/2024 14:23:25;Automação para anexação de PDFs em documentos contábeis no SAP;Error;(-2147352567, 'Exceção.', (619, 'SAP Frontend Server', 'The control could not be found by id.', 'C:\\Program Files (x86)\\SAP\\FrontEnd\\SapGui\\sapfront.HLP', 393215, 0), None);"Traceback (most recent call last): <br>   File ""r:\Automação para anexação de PDFs em documentos contábeis no SAP - Felipe Dias\Entities\anexar_pdf.py"", line 118, in anexar_pdf_miro <br>     print(self.session.findById(""wnd[0]/tbar"").text) <br>           ^^^^^^^^^^^^^^^^^^^^^^^^^^^^^^^^^^^^ <br>   File ""<COMObject <unknown>>"", line 2, in findById <br> pywintypes.com_error: (-2147352567, 'Exceção.', (619, 'SAP Frontend Server', 'The control could not be found by id.', 'C:\\Program Files (x86)\\SAP\\FrontEnd\\SapGui\\sapfront.HLP', 393215, 0), None) <br> "
16/09/2024 14:23:31;Automação para anexação de PDFs em documentos contábeis no SAP;Error;(-2147352567, 'Exceção.', (619, 'SAP Frontend Server', 'The control could not be found by id.', 'C:\\Program Files (x86)\\SAP\\FrontEnd\\SapGui\\sapfront.HLP', 393215, 0), None);"Traceback (most recent call last): <br>   File ""r:\Automação para anexação de PDFs em documentos contábeis no SAP - Felipe Dias\Entities\anexar_pdf.py"", line 118, in anexar_pdf_miro <br>     print(self.session.findById(""wnd[0]/tbar"").text) <br>           ^^^^^^^^^^^^^^^^^^^^^^^^^^^^^^^^^^^^ <br>   File ""<COMObject <unknown>>"", line 2, in findById <br> pywintypes.com_error: (-2147352567, 'Exceção.', (619, 'SAP Frontend Server', 'The control could not be found by id.', 'C:\\Program Files (x86)\\SAP\\FrontEnd\\SapGui\\sapfront.HLP', 393215, 0), None) <br> "
16/09/2024 14:23:38;Automação para anexação de PDFs em documentos contábeis no SAP;Error;(-2147352567, 'Exceção.', (619, 'SAP Frontend Server', 'The control could not be found by id.', 'C:\\Program Files (x86)\\SAP\\FrontEnd\\SapGui\\sapfront.HLP', 393215, 0), None);"Traceback (most recent call last): <br>   File ""r:\Automação para anexação de PDFs em documentos contábeis no SAP - Felipe Dias\Entities\anexar_pdf.py"", line 118, in anexar_pdf_miro <br>     print(self.session.findById(""wnd[0]/tbar"").text) <br>           ^^^^^^^^^^^^^^^^^^^^^^^^^^^^^^^^^^^^ <br>   File ""<COMObject <unknown>>"", line 2, in findById <br> pywintypes.com_error: (-2147352567, 'Exceção.', (619, 'SAP Frontend Server', 'The control could not be found by id.', 'C:\\Program Files (x86)\\SAP\\FrontEnd\\SapGui\\sapfront.HLP', 393215, 0), None) <br> "
16/09/2024 14:23:45;Automação para anexação de PDFs em documentos contábeis no SAP;Error;(-2147352567, 'Exceção.', (619, 'SAP Frontend Server', 'The control could not be found by id.', 'C:\\Program Files (x86)\\SAP\\FrontEnd\\SapGui\\sapfront.HLP', 393215, 0), None);"Traceback (most recent call last): <br>   File ""r:\Automação para anexação de PDFs em documentos contábeis no SAP - Felipe Dias\Entities\anexar_pdf.py"", line 118, in anexar_pdf_miro <br>     print(self.session.findById(""wnd[0]/tbar"").text) <br>           ^^^^^^^^^^^^^^^^^^^^^^^^^^^^^^^^^^^^ <br>   File ""<COMObject <unknown>>"", line 2, in findById <br> pywintypes.com_error: (-2147352567, 'Exceção.', (619, 'SAP Frontend Server', 'The control could not be found by id.', 'C:\\Program Files (x86)\\SAP\\FrontEnd\\SapGui\\sapfront.HLP', 393215, 0), None) <br> "
16/09/2024 14:23:52;Automação para anexação de PDFs em documentos contábeis no SAP;Error;(-2147352567, 'Exceção.', (619, 'SAP Frontend Server', 'The control could not be found by id.', 'C:\\Program Files (x86)\\SAP\\FrontEnd\\SapGui\\sapfront.HLP', 393215, 0), None);"Traceback (most recent call last): <br>   File ""r:\Automação para anexação de PDFs em documentos contábeis no SAP - Felipe Dias\Entities\anexar_pdf.py"", line 118, in anexar_pdf_miro <br>     print(self.session.findById(""wnd[0]/tbar"").text) <br>           ^^^^^^^^^^^^^^^^^^^^^^^^^^^^^^^^^^^^ <br>   File ""<COMObject <unknown>>"", line 2, in findById <br> pywintypes.com_error: (-2147352567, 'Exceção.', (619, 'SAP Frontend Server', 'The control could not be found by id.', 'C:\\Program Files (x86)\\SAP\\FrontEnd\\SapGui\\sapfront.HLP', 393215, 0), None) <br> "
16/09/2024 14:23:58;Automação para anexação de PDFs em documentos contábeis no SAP;Error;(-2147352567, 'Exceção.', (619, 'SAP Frontend Server', 'The control could not be found by id.', 'C:\\Program Files (x86)\\SAP\\FrontEnd\\SapGui\\sapfront.HLP', 393215, 0), None);"Traceback (most recent call last): <br>   File ""r:\Automação para anexação de PDFs em documentos contábeis no SAP - Felipe Dias\Entities\anexar_pdf.py"", line 118, in anexar_pdf_miro <br>     print(self.session.findById(""wnd[0]/tbar"").text) <br>           ^^^^^^^^^^^^^^^^^^^^^^^^^^^^^^^^^^^^ <br>   File ""<COMObject <unknown>>"", line 2, in findById <br> pywintypes.com_error: (-2147352567, 'Exceção.', (619, 'SAP Frontend Server', 'The control could not be found by id.', 'C:\\Program Files (x86)\\SAP\\FrontEnd\\SapGui\\sapfront.HLP', 393215, 0), None) <br> "
16/09/2024 14:24:05;Automação para anexação de PDFs em documentos contábeis no SAP;Error;(-2147352567, 'Exceção.', (619, 'SAP Frontend Server', 'The control could not be found by id.', 'C:\\Program Files (x86)\\SAP\\FrontEnd\\SapGui\\sapfront.HLP', 393215, 0), None);"Traceback (most recent call last): <br>   File ""r:\Automação para anexação de PDFs em documentos contábeis no SAP - Felipe Dias\Entities\anexar_pdf.py"", line 118, in anexar_pdf_miro <br>     print(self.session.findById(""wnd[0]/tbar"").text) <br>           ^^^^^^^^^^^^^^^^^^^^^^^^^^^^^^^^^^^^ <br>   File ""<COMObject <unknown>>"", line 2, in findById <br> pywintypes.com_error: (-2147352567, 'Exceção.', (619, 'SAP Frontend Server', 'The control could not be found by id.', 'C:\\Program Files (x86)\\SAP\\FrontEnd\\SapGui\\sapfront.HLP', 393215, 0), None) <br> "
16/09/2024 14:24:12;Automação para anexação de PDFs em documentos contábeis no SAP;Error;(-2147352567, 'Exceção.', (619, 'SAP Frontend Server', 'The control could not be found by id.', 'C:\\Program Files (x86)\\SAP\\FrontEnd\\SapGui\\sapfront.HLP', 393215, 0), None);"Traceback (most recent call last): <br>   File ""r:\Automação para anexação de PDFs em documentos contábeis no SAP - Felipe Dias\Entities\anexar_pdf.py"", line 118, in anexar_pdf_miro <br>     print(self.session.findById(""wnd[0]/tbar"").text) <br>           ^^^^^^^^^^^^^^^^^^^^^^^^^^^^^^^^^^^^ <br>   File ""<COMObject <unknown>>"", line 2, in findById <br> pywintypes.com_error: (-2147352567, 'Exceção.', (619, 'SAP Frontend Server', 'The control could not be found by id.', 'C:\\Program Files (x86)\\SAP\\FrontEnd\\SapGui\\sapfront.HLP', 393215, 0), None) <br> "
16/09/2024 14:24:18;Automação para anexação de PDFs em documentos contábeis no SAP;Error;(-2147352567, 'Exceção.', (619, 'SAP Frontend Server', 'The control could not be found by id.', 'C:\\Program Files (x86)\\SAP\\FrontEnd\\SapGui\\sapfront.HLP', 393215, 0), None);"Traceback (most recent call last): <br>   File ""r:\Automação para anexação de PDFs em documentos contábeis no SAP - Felipe Dias\Entities\anexar_pdf.py"", line 118, in anexar_pdf_miro <br>     print(self.session.findById(""wnd[0]/tbar"").text) <br>           ^^^^^^^^^^^^^^^^^^^^^^^^^^^^^^^^^^^^ <br>   File ""<COMObject <unknown>>"", line 2, in findById <br> pywintypes.com_error: (-2147352567, 'Exceção.', (619, 'SAP Frontend Server', 'The control could not be found by id.', 'C:\\Program Files (x86)\\SAP\\FrontEnd\\SapGui\\sapfront.HLP', 393215, 0), None) <br> "
16/09/2024 14:29:21;Automação para anexação de PDFs em documentos contábeis no SAP;Error;;"Traceback (most recent call last): <br>   File ""r:\Automação para anexação de PDFs em documentos contábeis no SAP - Felipe Dias\Entities\anexar_pdf.py"", line 116, in anexar_pdf_miro <br>     if t == 0: <br>        ^ <br>   File ""C:\Users\renan.oliveira\AppData\Local\Programs\Python\Python312\Lib\bdb.py"", line 90, in trace_dispatch <br>     return self.dispatch_line(frame) <br>            ^^^^^^^^^^^^^^^^^^^^^^^^^ <br>   File ""C:\Users\renan.oliveira\AppData\Local\Programs\Python\Python312\Lib\bdb.py"", line 115, in dispatch_line <br>     if self.quitting: raise BdbQuit <br>                       ^^^^^^^^^^^^^ <br> bdb.BdbQuit <br> "
16/09/2024 14:37:51;Automação para anexação de PDFs em documentos contábeis no SAP;Error;Não foi possível determinar o processo de automatização.;"Traceback (most recent call last): <br>   File ""r:\Automação para anexação de PDFs em documentos contábeis no SAP - Felipe Dias\Entities\anexar_pdf.py"", line 115, in anexar_pdf_miro <br>     raise exceptions.ValidarChaveAcessoError(sbar) <br> Entities.exceptions.ValidarChaveAcessoError: Não foi possível determinar o processo de automatização. <br> "
16/09/2024 14:39:23;Automação para anexação de PDFs em documentos contábeis no SAP;Error;chave_acesso='35210847333539000126550010009402531024122881' - Não foi possível determinar o processo de automatização.;"Traceback (most recent call last): <br>   File ""r:\Automação para anexação de PDFs em documentos contábeis no SAP - Felipe Dias\Entities\anexar_pdf.py"", line 115, in anexar_pdf_miro <br>     raise exceptions.ValidarChaveAcessoError(sbar) <br> Entities.exceptions.ValidarChaveAcessoError: Não foi possível determinar o processo de automatização. <br> "
16/09/2024 15:32:34;Automação para anexação de PDFs em documentos contábeis no SAP;Error;chave_acesso='35210847333539000126550010009402531024122881' - Não foi possível determinar o processo de automatização.;"Traceback (most recent call last): <br>   File ""r:\Automação para anexação de PDFs em documentos contábeis no SAP - Felipe Dias\Entities\anexar_pdf.py"", line 115, in anexar_pdf_miro <br>     raise exceptions.ValidarChaveAcessoError(sbar) <br> Entities.exceptions.ValidarChaveAcessoError: Não foi possível determinar o processo de automatização. <br> "
16/09/2024 16:00:54;Automação para anexação de PDFs em documentos contábeis no SAP;Concluido;Execução concluida sem decumentos para esta data;NoneType: None <br> 
16/09/2024 16:23:07;Automação para anexação de PDFs em documentos contábeis no SAP;Error;chave_acesso='33210831451131000119550010001533531223064002' - (-2147023174, 'O servidor RPC não está disponível.', None, None);"Traceback (most recent call last): <br>   File ""r:\Automação para anexação de PDFs em documentos contábeis no SAP - Felipe Dias\Entities\anexar_pdf.py"", line 118, in anexar_pdf_miro <br>     self.session.findById(""wnd[0]/tbar[0]/okcd"").text = ""/n/vtin/inb"" <br>     ^^^^^^^^^^^^^^^^^^^^^^^^^^^^^^^^^^^^^^^^^^^^ <br>   File ""<COMObject <unknown>>"", line 2, in findById <br> pywintypes.com_error: (-2147023174, 'O servidor RPC não está disponível.', None, None) <br> "
16/09/2024 16:23:12;Automação para anexação de PDFs em documentos contábeis no SAP;Error;chave_acesso='33210831451131000119550010001537641223676003' - (-2147023174, 'O servidor RPC não está disponível.', None, None);"Traceback (most recent call last): <br>   File ""r:\Automação para anexação de PDFs em documentos contábeis no SAP - Felipe Dias\Entities\anexar_pdf.py"", line 118, in anexar_pdf_miro <br>     self.session.findById(""wnd[0]/tbar[0]/okcd"").text = ""/n/vtin/inb"" <br>     ^^^^^^^^^^^^^^^^^^^^^^^^^^^^^^^^^^^^^^^^^^^^ <br>   File ""<COMObject <unknown>>"", line 2, in findById <br> pywintypes.com_error: (-2147023174, 'O servidor RPC não está disponível.', None, None) <br> "
16/09/2024 16:23:17;Automação para anexação de PDFs em documentos contábeis no SAP;Error;chave_acesso='33210831451131000119550010001537991223724003' - (-2147023174, 'O servidor RPC não está disponível.', None, None);"Traceback (most recent call last): <br>   File ""r:\Automação para anexação de PDFs em documentos contábeis no SAP - Felipe Dias\Entities\anexar_pdf.py"", line 118, in anexar_pdf_miro <br>     self.session.findById(""wnd[0]/tbar[0]/okcd"").text = ""/n/vtin/inb"" <br>     ^^^^^^^^^^^^^^^^^^^^^^^^^^^^^^^^^^^^^^^^^^^^ <br>   File ""<COMObject <unknown>>"", line 2, in findById <br> pywintypes.com_error: (-2147023174, 'O servidor RPC não está disponível.', None, None) <br> "
16/09/2024 16:23:22;Automação para anexação de PDFs em documentos contábeis no SAP;Error;chave_acesso='33210831451131000119550010001538091223759000' - (-2147023174, 'O servidor RPC não está disponível.', None, None);"Traceback (most recent call last): <br>   File ""r:\Automação para anexação de PDFs em documentos contábeis no SAP - Felipe Dias\Entities\anexar_pdf.py"", line 118, in anexar_pdf_miro <br>     self.session.findById(""wnd[0]/tbar[0]/okcd"").text = ""/n/vtin/inb"" <br>     ^^^^^^^^^^^^^^^^^^^^^^^^^^^^^^^^^^^^^^^^^^^^ <br>   File ""<COMObject <unknown>>"", line 2, in findById <br> pywintypes.com_error: (-2147023174, 'O servidor RPC não está disponível.', None, None) <br> "
16/09/2024 16:23:27;Automação para anexação de PDFs em documentos contábeis no SAP;Error;chave_acesso='35210847333539000126550010009402531024122881' - (-2147023174, 'O servidor RPC não está disponível.', None, None);"Traceback (most recent call last): <br>   File ""r:\Automação para anexação de PDFs em documentos contábeis no SAP - Felipe Dias\Entities\anexar_pdf.py"", line 118, in anexar_pdf_miro <br>     self.session.findById(""wnd[0]/tbar[0]/okcd"").text = ""/n/vtin/inb"" <br>     ^^^^^^^^^^^^^^^^^^^^^^^^^^^^^^^^^^^^^^^^^^^^ <br>   File ""<COMObject <unknown>>"", line 2, in findById <br> pywintypes.com_error: (-2147023174, 'O servidor RPC não está disponível.', None, None) <br> "
16/09/2024 17:08:12;Automação para anexação de PDFs em documentos contábeis no SAP;Error;chave_acesso='35210847333539000126550010009402531024122881' - Não foi possível determinar o processo de automatização.;"Traceback (most recent call last): <br>   File ""r:\Automação para anexação de PDFs em documentos contábeis no SAP - Felipe Dias\Entities\anexar_pdf.py"", line 125, in anexar_pdf_miro <br>     raise exceptions.ValidarChaveAcessoError(sbar) <br> Entities.exceptions.ValidarChaveAcessoError: Não foi possível determinar o processo de automatização. <br> "
16/09/2024 17:12:57;Automação para anexação de PDFs em documentos contábeis no SAP;Error;chave_acesso='35210847333539000126550010009402531024122881' - Não foi possível determinar o processo de automatização.;"Traceback (most recent call last): <br>   File ""r:\Automação para anexação de PDFs em documentos contábeis no SAP - Felipe Dias\Entities\anexar_pdf.py"", line 126, in anexar_pdf_miro <br>     raise exceptions.ValidarChaveAcessoError(sbar) <br> Entities.exceptions.ValidarChaveAcessoError: Não foi possível determinar o processo de automatização. <br> "
16/09/2024 17:22:17;Automação para anexação de PDFs em documentos contábeis no SAP;Error;chave_acesso='35210847333539000126550010009402531024122881' - Não foi possível determinar o processo de automatização.;"Traceback (most recent call last): <br>   File ""r:\Automação para anexação de PDFs em documentos contábeis no SAP - Felipe Dias\Entities\anexar_pdf.py"", line 130, in anexar_pdf_miro <br>     raise exceptions.ValidarChaveAcessoError(sbar) <br> Entities.exceptions.ValidarChaveAcessoError: Não foi possível determinar o processo de automatização. <br> "
10/10/2024 14:27:38;Automação para anexação de PDFs em documentos contábeis no SAP;Error;(-2147352567, 'Exceção.', (619, 'SAP Frontend Server', 'The control could not be found by id.', 'C:\\Program Files (x86)\\SAP\\FrontEnd\\SAPgui\\sapfront.HLP', 393215, 0), None);"Traceback (most recent call last): <br>   File ""r:\Automação para anexação de PDFs em documentos contábeis no SAP - Felipe Dias\main.py"", line 20, in start <br>     bot.extrair_pdf_vtin_mde(date=Execute.date) <br>   File ""r:\Automação para anexação de PDFs em documentos contábeis no SAP - Felipe Dias\Entities\dependencies\sap.py"", line 58, in wrap <br>     result =  f(self, *args, **kwargs) <br>               ^^^^^^^^^^^^^^^^^^^^^^^^ <br>   File ""r:\Automação para anexação de PDFs em documentos contábeis no SAP - Felipe Dias\Entities\anexar_pdf.py"", line 35, in extrair_pdf_vtin_mde <br>     self.session.findById(""wnd[0]/usr/ctxtS_CREDAT-LOW"").text = date.strftime('%d.%m.%Y')# <--------------------------- <br>     ^^^^^^^^^^^^^^^^^^^^^^^^^^^^^^^^^^^^^^^^^^^^^^^^^^^^ <br>   File ""<COMObject <unknown>>"", line 2, in findById <br> pywintypes.com_error: (-2147352567, 'Exceção.', (619, 'SAP Frontend Server', 'The control could not be found by id.', 'C:\\Program Files (x86)\\SAP\\FrontEnd\\SAPgui\\sapfront.HLP', 393215, 0), None) <br> "
10/10/2024 14:30:09;Automação para anexação de PDFs em documentos contábeis no SAP;Error;chave_acesso='35210847333539000126550010009402531024122881' - Não foi possível determinar o processo de automatização.;"Traceback (most recent call last): <br>   File ""r:\Automação para anexação de PDFs em documentos contábeis no SAP - Felipe Dias\Entities\anexar_pdf.py"", line 130, in anexar_pdf_miro <br>     raise exceptions.ValidarChaveAcessoError(sbar) <br> Entities.exceptions.ValidarChaveAcessoError: Não foi possível determinar o processo de automatização. <br> "
12/11/2024 16:54:38;Automação para anexação de PDFs em documentos contábeis no SAP;Error;;"Traceback (most recent call last): <br>   File ""r:\Automação para anexação de PDFs em documentos contábeis no SAP - Felipe Dias\main.py"", line 22, in start <br>     for pdf in bot._listar_arquivos(): <br>                ^^^ <br>   File ""C:\Users\renan.oliveira\AppData\Local\Programs\Python\Python312\Lib\bdb.py"", line 90, in trace_dispatch <br>     return self.dispatch_line(frame) <br>            ^^^^^^^^^^^^^^^^^^^^^^^^^ <br>   File ""C:\Users\renan.oliveira\AppData\Local\Programs\Python\Python312\Lib\bdb.py"", line 115, in dispatch_line <br>     if self.quitting: raise BdbQuit <br>                       ^^^^^^^^^^^^^ <br> bdb.BdbQuit <br> "
12/11/2024 17:12:58;Automação para anexação de PDFs em documentos contábeis no SAP;Error;;"Traceback (most recent call last): <br>   File ""r:\Automação para anexação de PDFs em documentos contábeis no SAP - Felipe Dias\main.py"", line 20, in start <br>     bot.extrair_pdf_vtin_mde(date=Execute.date) <br>   File ""r:\Automação para anexação de PDFs em documentos contábeis no SAP - Felipe Dias\Entities\dependencies\sap.py"", line 58, in wrap <br>     result =  f(self, *args, **kwargs) <br>               ^^^^^^^^^^^^^^^^^^^^^^^^ <br>   File ""r:\Automação para anexação de PDFs em documentos contábeis no SAP - Felipe Dias\Entities\anexar_pdf.py"", line 52, in extrair_pdf_vtin_mde <br>     self.session.findById(""wnd[0]/usr/shell/shellcont[0]/shell"").setCurrentCell(-1,""BELNR"") <br>     ^^^^ <br>   File ""C:\Users\renan.oliveira\AppData\Local\Programs\Python\Python312\Lib\bdb.py"", line 90, in trace_dispatch <br>     return self.dispatch_line(frame) <br>            ^^^^^^^^^^^^^^^^^^^^^^^^^ <br>   File ""C:\Users\renan.oliveira\AppData\Local\Programs\Python\Python312\Lib\bdb.py"", line 115, in dispatch_line <br>     if self.quitting: raise BdbQuit <br>                       ^^^^^^^^^^^^^ <br> bdb.BdbQuit <br> "
03/12/2024 15:00:13;Automação para anexação de PDFs em documentos contábeis no SAP;Error;;"Traceback (most recent call last): <br>   File ""r:\Automação para anexação de PDFs em documentos contábeis no SAP - Felipe Dias\main.py"", line 20, in start <br>     bot.extrair_pdf_vtin_mde(date=Execute.date) <br>   File ""r:\Automação para anexação de PDFs em documentos contábeis no SAP - Felipe Dias\Entities\dependencies\sap.py"", line 58, in wrap <br>     result =  f(self, *args, **kwargs) <br>               ^^^^^^^^^^^^^^^^^^^^^^^^ <br>   File ""r:\Automação para anexação de PDFs em documentos contábeis no SAP - Felipe Dias\Entities\anexar_pdf.py"", line 68, in extrair_pdf_vtin_mde <br>     self.limpar_download_path() <br>     ^^^^ <br>   File ""C:\Users\renan.oliveira\AppData\Local\Programs\Python\Python312\Lib\bdb.py"", line 90, in trace_dispatch <br>     return self.dispatch_line(frame) <br>            ^^^^^^^^^^^^^^^^^^^^^^^^^ <br>   File ""C:\Users\renan.oliveira\AppData\Local\Programs\Python\Python312\Lib\bdb.py"", line 115, in dispatch_line <br>     if self.quitting: raise BdbQuit <br>                       ^^^^^^^^^^^^^ <br> bdb.BdbQuit <br> "
03/12/2024 15:16:53;Automação para anexação de PDFs em documentos contábeis no SAP;Error;;"Traceback (most recent call last): <br>   File ""r:\Automação para anexação de PDFs em documentos contábeis no SAP - Felipe Dias\main.py"", line 20, in start <br>     bot.extrair_pdf_vtin_mde(date=Execute.date) <br>   File ""r:\Automação para anexação de PDFs em documentos contábeis no SAP - Felipe Dias\Entities\dependencies\sap.py"", line 73, in wrap <br>     result =  f(_self, *args, **kwargs) <br>               ^^^^^^^^^^^^^^^^^^^^^^^^^ <br>   File ""r:\Automação para anexação de PDFs em documentos contábeis no SAP - Felipe Dias\Entities\anexar_pdf.py"", line 70, in extrair_pdf_vtin_mde <br>     self.limpar_download_path() <br>     ^^^^ <br>   File ""C:\Users\renan.oliveira\AppData\Local\Programs\Python\Python312\Lib\bdb.py"", line 90, in trace_dispatch <br>     return self.dispatch_line(frame) <br>            ^^^^^^^^^^^^^^^^^^^^^^^^^ <br>   File ""C:\Users\renan.oliveira\AppData\Local\Programs\Python\Python312\Lib\bdb.py"", line 115, in dispatch_line <br>     if self.quitting: raise BdbQuit <br>                       ^^^^^^^^^^^^^ <br> bdb.BdbQuit <br> "
03/12/2024 17:20:20;Automação para anexação de PDFs em documentos contábeis no SAP;Error;;"Traceback (most recent call last): <br>   File ""r:\Automação para anexação de PDFs em documentos contábeis no SAP - Felipe Dias\main.py"", line 20, in start <br>     bot.extrair_pdf_vtin_mde(date=Execute.date) <br>   File ""r:\Automação para anexação de PDFs em documentos contábeis no SAP - Felipe Dias\Entities\dependencies\sap.py"", line 73, in wrap <br>     result =  f(_self, *args, **kwargs) <br>               ^^^^^^^^^^^^^^^^^^^^^^^^^ <br>   File ""r:\Automação para anexação de PDFs em documentos contábeis no SAP - Felipe Dias\Entities\anexar_pdf.py"", line 73, in extrair_pdf_vtin_mde <br>     self.limpar_download_path() <br>     ^^^^ <br>   File ""C:\Users\renan.oliveira\AppData\Local\Programs\Python\Python312\Lib\bdb.py"", line 90, in trace_dispatch <br>     return self.dispatch_line(frame) <br>            ^^^^^^^^^^^^^^^^^^^^^^^^^ <br>   File ""C:\Users\renan.oliveira\AppData\Local\Programs\Python\Python312\Lib\bdb.py"", line 115, in dispatch_line <br>     if self.quitting: raise BdbQuit <br>                       ^^^^^^^^^^^^^ <br> bdb.BdbQuit <br> "
03/12/2024 17:27:10;Automação para anexação de PDFs em documentos contábeis no SAP;Error;;"Traceback (most recent call last): <br>   File ""r:\Automação para anexação de PDFs em documentos contábeis no SAP - Felipe Dias\main.py"", line 20, in start <br>     bot.extrair_pdf_vtin_mde(date=Execute.date) <br>   File ""r:\Automação para anexação de PDFs em documentos contábeis no SAP - Felipe Dias\Entities\dependencies\sap.py"", line 73, in wrap <br>     result =  f(_self, *args, **kwargs) <br>               ^^^^^^^^^^^^^^^^^^^^^^^^^ <br>   File ""r:\Automação para anexação de PDFs em documentos contábeis no SAP - Felipe Dias\Entities\anexar_pdf.py"", line 73, in extrair_pdf_vtin_mde <br>     self.limpar_download_path() <br>     ^^^^ <br>   File ""C:\Users\renan.oliveira\AppData\Local\Programs\Python\Python312\Lib\bdb.py"", line 90, in trace_dispatch <br>     return self.dispatch_line(frame) <br>            ^^^^^^^^^^^^^^^^^^^^^^^^^ <br>   File ""C:\Users\renan.oliveira\AppData\Local\Programs\Python\Python312\Lib\bdb.py"", line 115, in dispatch_line <br>     if self.quitting: raise BdbQuit <br>                       ^^^^^^^^^^^^^ <br> bdb.BdbQuit <br> "
03/12/2024 17:27:11;Automação para anexação de PDFs em documentos contábeis no SAP;Concluido;Trabalho com a data 27.11.2024 concluido com sucesso;NoneType: None <br> 
03/12/2024 17:33:05;Automação para anexação de PDFs em documentos contábeis no SAP;Error;;"Traceback (most recent call last): <br>   File ""r:\Automação para anexação de PDFs em documentos contábeis no SAP - Felipe Dias\main.py"", line 20, in start <br>     bot.extrair_pdf_vtin_mde(date=Execute.date) <br>   File ""r:\Automação para anexação de PDFs em documentos contábeis no SAP - Felipe Dias\Entities\dependencies\sap.py"", line 73, in wrap <br>     result =  f(_self, *args, **kwargs) <br>               ^^^^^^^^^^^^^^^^^^^^^^^^^ <br>   File ""r:\Automação para anexação de PDFs em documentos contábeis no SAP - Felipe Dias\Entities\anexar_pdf.py"", line 73, in extrair_pdf_vtin_mde <br>     self.limpar_download_path() <br>     ^^^^ <br>   File ""C:\Users\renan.oliveira\AppData\Local\Programs\Python\Python312\Lib\bdb.py"", line 90, in trace_dispatch <br>     return self.dispatch_line(frame) <br>            ^^^^^^^^^^^^^^^^^^^^^^^^^ <br>   File ""C:\Users\renan.oliveira\AppData\Local\Programs\Python\Python312\Lib\bdb.py"", line 115, in dispatch_line <br>     if self.quitting: raise BdbQuit <br>                       ^^^^^^^^^^^^^ <br> bdb.BdbQuit <br> "
03/12/2024 17:33:07;Automação para anexação de PDFs em documentos contábeis no SAP;Concluido;Trabalho com a data 27.11.2024 concluido com sucesso;NoneType: None <br> 
03/12/2024 18:29:38;Automação para anexação de PDFs em documentos contábeis no SAP;Error;;"Traceback (most recent call last): <br>   File ""r:\Automação para anexação de PDFs em documentos contábeis no SAP - Felipe Dias\main.py"", line 20, in start <br>     bot.extrair_pdf_vtin_mde(date=Execute.date) <br>   File ""r:\Automação para anexação de PDFs em documentos contábeis no SAP - Felipe Dias\Entities\dependencies\sap.py"", line 73, in wrap <br>     result =  f(_self, *args, **kwargs) <br>               ^^^^^^^^^^^^^^^^^^^^^^^^^ <br>   File ""r:\Automação para anexação de PDFs em documentos contábeis no SAP - Felipe Dias\Entities\anexar_pdf.py"", line 73, in extrair_pdf_vtin_mde <br>     self.limpar_download_path() <br>     ^^^^ <br>   File ""C:\Users\renan.oliveira\AppData\Local\Programs\Python\Python312\Lib\bdb.py"", line 90, in trace_dispatch <br>     return self.dispatch_line(frame) <br>            ^^^^^^^^^^^^^^^^^^^^^^^^^ <br>   File ""C:\Users\renan.oliveira\AppData\Local\Programs\Python\Python312\Lib\bdb.py"", line 115, in dispatch_line <br>     if self.quitting: raise BdbQuit <br>                       ^^^^^^^^^^^^^ <br> bdb.BdbQuit <br> "
03/12/2024 18:29:39;Automação para anexação de PDFs em documentos contábeis no SAP;Concluido;Trabalho com a data 27.11.2024 concluido com sucesso;NoneType: None <br> 
03/12/2024 18:35:59;Automação para anexação de PDFs em documentos contábeis no SAP;Error;;"Traceback (most recent call last): <br>   File ""r:\Automação para anexação de PDFs em documentos contábeis no SAP - Felipe Dias\main.py"", line 20, in start <br>     bot.extrair_pdf_vtin_mde(date=Execute.date) <br>   File ""r:\Automação para anexação de PDFs em documentos contábeis no SAP - Felipe Dias\Entities\dependencies\sap.py"", line 73, in wrap <br>     result =  f(_self, *args, **kwargs) <br>               ^^^^^^^^^^^^^^^^^^^^^^^^^ <br>   File ""r:\Automação para anexação de PDFs em documentos contábeis no SAP - Felipe Dias\Entities\anexar_pdf.py"", line 73, in extrair_pdf_vtin_mde <br>     self.limpar_download_path() <br>     ^^^^ <br>   File ""C:\Users\renan.oliveira\AppData\Local\Programs\Python\Python312\Lib\bdb.py"", line 90, in trace_dispatch <br>     return self.dispatch_line(frame) <br>            ^^^^^^^^^^^^^^^^^^^^^^^^^ <br>   File ""C:\Users\renan.oliveira\AppData\Local\Programs\Python\Python312\Lib\bdb.py"", line 115, in dispatch_line <br>     if self.quitting: raise BdbQuit <br>                       ^^^^^^^^^^^^^ <br> bdb.BdbQuit <br> "
03/12/2024 18:36:00;Automação para anexação de PDFs em documentos contábeis no SAP;Concluido;Trabalho com a data 27.11.2024 concluido com sucesso;NoneType: None <br> 
17/02/2025 18:16:52;Automação para anexação de PDFs em documentos contábeis no SAP;Error;;"Traceback (most recent call last): <br>   File ""r:\Automação para anexação de PDFs em documentos contábeis no SAP - Felipe Dias\main.py"", line 20, in start <br>     bot.extrair_pdf_vtin_mde(date=Execute.date) <br>   File ""r:\Automação para anexação de PDFs em documentos contábeis no SAP - Felipe Dias\Entities\dependencies\sap.py"", line 73, in wrap <br>     result =  f(_self, *args, **kwargs) <br>               ^^^^^^^^^^^^^^^^^^^^^^^^^ <br>   File ""r:\Automação para anexação de PDFs em documentos contábeis no SAP - Felipe Dias\Entities\anexar_pdf.py"", line 35, in extrair_pdf_vtin_mde <br>     self.session.findById(""wnd[0]/tbar[0]/okcd"").text = ""/n/VTIN/MDE"" <br>                                                         ^^^^^^^^^^^^^ <br>   File ""C:\Users\renan.oliveira\AppData\Local\Programs\Python\Python312\Lib\bdb.py"", line 90, in trace_dispatch <br>     return self.dispatch_line(frame) <br>            ^^^^^^^^^^^^^^^^^^^^^^^^^ <br>   File ""C:\Users\renan.oliveira\AppData\Local\Programs\Python\Python312\Lib\bdb.py"", line 115, in dispatch_line <br>     if self.quitting: raise BdbQuit <br>                       ^^^^^^^^^^^^^ <br> bdb.BdbQuit <br> "
17/02/2025 18:17:46;Automação para anexação de PDFs em documentos contábeis no SAP;Error;;"Traceback (most recent call last): <br>   File ""r:\Automação para anexação de PDFs em documentos contábeis no SAP - Felipe Dias\main.py"", line 20, in start <br>     bot.extrair_pdf_vtin_mde(date=Execute.date) <br>   File ""r:\Automação para anexação de PDFs em documentos contábeis no SAP - Felipe Dias\Entities\dependencies\sap.py"", line 73, in wrap <br>     result =  f(_self, *args, **kwargs) <br>               ^^^^^^^^^^^^^^^^^^^^^^^^^ <br>   File ""r:\Automação para anexação de PDFs em documentos contábeis no SAP - Felipe Dias\Entities\anexar_pdf.py"", line 35, in extrair_pdf_vtin_mde <br>     self.session.findById(""wnd[0]/tbar[0]/okcd"").text = ""/n/VTIN/MDE"" <br>                                                         ^^^^^^^^^^^^^ <br>   File ""C:\Users\renan.oliveira\AppData\Local\Programs\Python\Python312\Lib\bdb.py"", line 90, in trace_dispatch <br>     return self.dispatch_line(frame) <br>            ^^^^^^^^^^^^^^^^^^^^^^^^^ <br>   File ""C:\Users\renan.oliveira\AppData\Local\Programs\Python\Python312\Lib\bdb.py"", line 115, in dispatch_line <br>     if self.quitting: raise BdbQuit <br>                       ^^^^^^^^^^^^^ <br> bdb.BdbQuit <br> "
17/02/2025 18:42:03;Automação para anexação de PDFs em documentos contábeis no SAP;Error;;"Traceback (most recent call last): <br>   File ""r:\Automação para anexação de PDFs em documentos contábeis no SAP - Felipe Dias\main.py"", line 20, in start <br>     bot.extrair_pdf_vtin_mde(date=Execute.date) <br>   File ""r:\Automação para anexação de PDFs em documentos contábeis no SAP - Felipe Dias\Entities\dependencies\sap.py"", line 73, in wrap <br>     result =  f(_self, *args, **kwargs) <br>               ^^^^^^^^^^^^^^^^^^^^^^^^^ <br>   File ""r:\Automação para anexação de PDFs em documentos contábeis no SAP - Felipe Dias\Entities\anexar_pdf.py"", line 35, in extrair_pdf_vtin_mde <br>     self.session.findById(""wnd[0]"").sendVKey(0) <br>                                                  <br>   File ""C:\Users\renan.oliveira\AppData\Local\Programs\Python\Python312\Lib\bdb.py"", line 90, in trace_dispatch <br>     return self.dispatch_line(frame) <br>            ^^^^^^^^^^^^^^^^^^^^^^^^^ <br>   File ""C:\Users\renan.oliveira\AppData\Local\Programs\Python\Python312\Lib\bdb.py"", line 115, in dispatch_line <br>     if self.quitting: raise BdbQuit <br>                       ^^^^^^^^^^^^^ <br> bdb.BdbQuit <br> "
25/02/2025 11:53:09;Automação para anexação de PDFs em documentos contábeis no SAP;Error;;"Traceback (most recent call last): <br>   File ""r:\Automação para anexação de PDFs em documentos contábeis no SAP - Felipe Dias\main.py"", line 20, in start <br>     bot.extrair_pdf_vtin_mde(date=Execute.date) <br>   File ""r:\Automação para anexação de PDFs em documentos contábeis no SAP - Felipe Dias\Entities\dependencies\sap.py"", line 73, in wrap <br>     result =  f(_self, *args, **kwargs) <br>               ^^^^^^^^^^^^^^^^^^^^^^^^^ <br>   File ""r:\Automação para anexação de PDFs em documentos contábeis no SAP - Felipe Dias\Entities\anexar_pdf.py"", line 39, in extrair_pdf_vtin_mde <br>     self.session.findById(""wnd[0]/usr/ctxtS_CREDAT-LOW"").text = date.strftime('%d.%m.%Y')# <--------------------------- <br>                                                                 ^^^^ <br>   File ""C:\Users\renan.oliveira\AppData\Local\Programs\Python\Python312\Lib\bdb.py"", line 90, in trace_dispatch <br>     return self.dispatch_line(frame) <br>            ^^^^^^^^^^^^^^^^^^^^^^^^^ <br>   File ""C:\Users\renan.oliveira\AppData\Local\Programs\Python\Python312\Lib\bdb.py"", line 115, in dispatch_line <br>     if self.quitting: raise BdbQuit <br>                       ^^^^^^^^^^^^^ <br> bdb.BdbQuit <br> "
26/02/2025 11:32:08;Automação para anexação de PDFs em documentos contábeis no SAP;Error;;"Traceback (most recent call last): <br>   File ""r:\Automação para anexação de PDFs em documentos contábeis no SAP - Felipe Dias\main.py"", line 20, in start <br>     bot.extrair_pdf_vtin_mde(date=Execute.date) <br>   File ""r:\Automação para anexação de PDFs em documentos contábeis no SAP - Felipe Dias\Entities\dependencies\sap.py"", line 73, in wrap <br>     result =  f(_self, *args, **kwargs) <br>               ^^^^^^^^^^^^^^^^^^^^^^^^^ <br>   File ""r:\Automação para anexação de PDFs em documentos contábeis no SAP - Felipe Dias\Entities\anexar_pdf.py"", line 39, in extrair_pdf_vtin_mde <br>     self.session.findById(""wnd[0]/usr/ctxtS_CREDAT-LOW"").text = date.strftime('%d.%m.%Y')# <--------------------------- <br>                                                                 ^^^^ <br>   File ""C:\Users\renan.oliveira\AppData\Local\Programs\Python\Python312\Lib\bdb.py"", line 90, in trace_dispatch <br>     return self.dispatch_line(frame) <br>            ^^^^^^^^^^^^^^^^^^^^^^^^^ <br>   File ""C:\Users\renan.oliveira\AppData\Local\Programs\Python\Python312\Lib\bdb.py"", line 115, in dispatch_line <br>     if self.quitting: raise BdbQuit <br>                       ^^^^^^^^^^^^^ <br> bdb.BdbQuit <br> "
26/05/2025 09:16:16;Automação para anexação de PDFs em documentos contábeis no SAP;Concluido;Trabalho concluido com sucesso;NoneType: None <br> 
26/05/2025 09:16:21;Automação para anexação de PDFs em documentos contábeis no SAP;Concluido;Trabalho com a data 22.05.2025 concluido com sucesso;NoneType: None <br> 
26/05/2025 09:22:54;Automação para anexação de PDFs em documentos contábeis no SAP;Report;documento 'NFe33250505255141000330550150000777291052384697.pdf' foi anexado!;NoneType: None <br> 
26/05/2025 09:23:01;Automação para anexação de PDFs em documentos contábeis no SAP;Concluido;Trabalho concluido com sucesso;NoneType: None <br> 
26/05/2025 09:23:06;Automação para anexação de PDFs em documentos contábeis no SAP;Concluido;Trabalho com a data 23.05.2025 concluido com sucesso;NoneType: None <br> 
26/05/2025 09:24:56;Automação para anexação de PDFs em documentos contábeis no SAP;Concluido;Execução concluida sem decumentos para esta data;NoneType: None <br> 
26/05/2025 09:25:01;Automação para anexação de PDFs em documentos contábeis no SAP;Concluido;Trabalho com a data 24.05.2025 concluido com sucesso;NoneType: None <br> 
26/05/2025 09:26:13;Automação para anexação de PDFs em documentos contábeis no SAP;Report;documento 'NFe31250546554098000120550010000013891300085985.pdf' foi anexado!;NoneType: None <br> 
26/05/2025 09:26:27;Automação para anexação de PDFs em documentos contábeis no SAP;Report;documento 'NFe33250501438458000190550010000688271847689374.pdf' foi anexado!;NoneType: None <br> 
26/05/2025 09:26:42;Automação para anexação de PDFs em documentos contábeis no SAP;Report;documento 'NFe33250506637063000130550010000024531000012640.pdf' foi anexado!;NoneType: None <br> 
26/05/2025 09:26:49;Automação para anexação de PDFs em documentos contábeis no SAP;Concluido;Trabalho concluido com sucesso;NoneType: None <br> 
26/05/2025 09:26:53;Automação para anexação de PDFs em documentos contábeis no SAP;Concluido;Trabalho com a data 26.05.2025 concluido com sucesso;NoneType: None <br> 
29/05/2025 10:04:54;Automação para anexação de PDFs em documentos contábeis no SAP;Report;documento 'NFe31250500830498000543550010000028601266539942.pdf' foi anexado!;NoneType: None <br> 
29/05/2025 10:05:12;Automação para anexação de PDFs em documentos contábeis no SAP;Report;documento 'NFe31250504332882000143550010000254581000473622.pdf' foi anexado!;NoneType: None <br> 
29/05/2025 10:05:28;Automação para anexação de PDFs em documentos contábeis no SAP;Report;documento 'NFe31250507956465000160550010002647241972315218.pdf' foi anexado!;NoneType: None <br> 
29/05/2025 10:05:46;Automação para anexação de PDFs em documentos contábeis no SAP;Report;documento 'NFe31250511818565000105550020000016651580165882.pdf' foi anexado!;NoneType: None <br> 
29/05/2025 10:06:03;Automação para anexação de PDFs em documentos contábeis no SAP;Report;documento 'NFe31250517194994000470550000004679781142226179.pdf' foi anexado!;NoneType: None <br> 
29/05/2025 10:06:20;Automação para anexação de PDFs em documentos contábeis no SAP;Report;documento 'NFe31250522268213000565550010000148101889194299.pdf' foi anexado!;NoneType: None <br> 
29/05/2025 10:06:37;Automação para anexação de PDFs em documentos contábeis no SAP;Report;documento 'NFe31250597397491000198550000000643951750609410.pdf' foi anexado!;NoneType: None <br> 
29/05/2025 10:06:55;Automação para anexação de PDFs em documentos contábeis no SAP;Report;documento 'NFe33250501438458000190550010000699251208835483.pdf' foi anexado!;NoneType: None <br> 
29/05/2025 10:07:12;Automação para anexação de PDFs em documentos contábeis no SAP;Report;documento 'NFe33250548789974000122550010000013601138202503.pdf' foi anexado!;NoneType: None <br> 
29/05/2025 10:07:30;Automação para anexação de PDFs em documentos contábeis no SAP;Report;documento 'NFe33250548789974000122550010000013611138202500.pdf' foi anexado!;NoneType: None <br> 
29/05/2025 10:07:47;Automação para anexação de PDFs em documentos contábeis no SAP;Report;documento 'NFe35250550949528001232550010020726921669627732.pdf' foi anexado!;NoneType: None <br> 
29/05/2025 10:08:04;Automação para anexação de PDFs em documentos contábeis no SAP;Report;documento 'NFe35250571992424000128550010000262571468511500.pdf' foi anexado!;NoneType: None <br> 
29/05/2025 10:08:13;Automação para anexação de PDFs em documentos contábeis no SAP;Concluido;Trabalho concluido com sucesso;NoneType: None <br> 
29/05/2025 10:08:16;Automação para anexação de PDFs em documentos contábeis no SAP;Concluido;Trabalho com a data 28.05.2025 concluido com sucesso;NoneType: None <br> 
03/06/2025 12:39:28;Automação para anexação de PDFs em documentos contábeis no SAP;Report;documento 'NFe31250502697297000383550010003844021191851996.pdf' foi anexado!;NoneType: None <br> 
03/06/2025 12:39:45;Automação para anexação de PDFs em documentos contábeis no SAP;Report;documento 'NFe31250507956465000160550010002643721391349127.pdf' foi anexado!;NoneType: None <br> 
03/06/2025 12:40:02;Automação para anexação de PDFs em documentos contábeis no SAP;Report;documento 'NFe31250507956465000160550010002647281364883812.pdf' foi anexado!;NoneType: None <br> 
03/06/2025 12:40:18;Automação para anexação de PDFs em documentos contábeis no SAP;Report;documento 'NFe31250511818565000105550020000016661448759514.pdf' foi anexado!;NoneType: None <br> 
03/06/2025 12:40:35;Automação para anexação de PDFs em documentos contábeis no SAP;Report;documento 'NFe31250517281973001382550010009583241580377678.pdf' foi anexado!;NoneType: None <br> 
03/06/2025 12:40:51;Automação para anexação de PDFs em documentos contábeis no SAP;Report;documento 'NFe31250521351587000153558030000476331736764872.pdf' foi anexado!;NoneType: None <br> 
03/06/2025 12:41:07;Automação para anexação de PDFs em documentos contábeis no SAP;Report;documento 'NFe31250521576319000130550010004589861193932096.pdf' foi anexado!;NoneType: None <br> 
03/06/2025 12:41:23;Automação para anexação de PDFs em documentos contábeis no SAP;Report;documento 'NFe31250521620349000104550550002148261226756014.pdf' foi anexado!;NoneType: None <br> 
03/06/2025 12:41:40;Automação para anexação de PDFs em documentos contábeis no SAP;Report;documento 'NFe31250553998358000111550010000027111026895935.pdf' foi anexado!;NoneType: None <br> 
03/06/2025 12:41:56;Automação para anexação de PDFs em documentos contábeis no SAP;Report;documento 'NFe31250554656576000130550010000000781098269401.pdf' foi anexado!;NoneType: None <br> 
03/06/2025 12:42:13;Automação para anexação de PDFs em documentos contábeis no SAP;Report;documento 'NFe31250559422689000195558030000002201712659199.pdf' foi anexado!;NoneType: None <br> 
03/06/2025 12:42:30;Automação para anexação de PDFs em documentos contábeis no SAP;Report;documento 'NFe31250575801902002501550000007653251382072970.pdf' foi anexado!;NoneType: None <br> 
03/06/2025 12:42:46;Automação para anexação de PDFs em documentos contábeis no SAP;Report;documento 'NFe31250597397491000198550000000645431750611487.pdf' foi anexado!;NoneType: None <br> 
03/06/2025 12:43:03;Automação para anexação de PDFs em documentos contábeis no SAP;Report;documento 'NFe31250602023726000175550010000755441020620253.pdf' foi anexado!;NoneType: None <br> 
03/06/2025 12:43:20;Automação para anexação de PDFs em documentos contábeis no SAP;Report;documento 'NFe31250602023726000175550010000755451020620250.pdf' foi anexado!;NoneType: None <br> 
03/06/2025 12:43:36;Automação para anexação de PDFs em documentos contábeis no SAP;Report;documento 'NFe31250617359233000188550010229607871313231964.pdf' foi anexado!;NoneType: None <br> 
03/06/2025 12:43:52;Automação para anexação de PDFs em documentos contábeis no SAP;Report;documento 'NFe31250621351587000153558030000477421466443503.pdf' foi anexado!;NoneType: None <br> 
03/06/2025 12:44:09;Automação para anexação de PDFs em documentos contábeis no SAP;Report;documento 'NFe33250506962107000105550010000247011000226632.pdf' foi anexado!;NoneType: None <br> 
03/06/2025 12:44:25;Automação para anexação de PDFs em documentos contábeis no SAP;Report;documento 'NFe33250506962107000105550010000247031000228346.pdf' foi anexado!;NoneType: None <br> 
03/06/2025 12:44:41;Automação para anexação de PDFs em documentos contábeis no SAP;Report;documento 'NFe33250511441067000188550010003133971780172313.pdf' foi anexado!;NoneType: None <br> 
03/06/2025 12:44:57;Automação para anexação de PDFs em documentos contábeis no SAP;Report;documento 'NFe33250511603573000126550010000123581584583270.pdf' foi anexado!;NoneType: None <br> 
03/06/2025 12:45:13;Automação para anexação de PDFs em documentos contábeis no SAP;Report;documento 'NFe33250513080862000113550010002408111008848293.pdf' foi anexado!;NoneType: None <br> 
03/06/2025 12:45:29;Automação para anexação de PDFs em documentos contábeis no SAP;Report;documento 'NFe33250528435862000166550010000072421284358622.pdf' foi anexado!;NoneType: None <br> 
03/06/2025 12:45:46;Automação para anexação de PDFs em documentos contábeis no SAP;Report;documento 'NFe33250528435862000166550010000075461284358628.pdf' foi anexado!;NoneType: None <br> 
03/06/2025 12:46:02;Automação para anexação de PDFs em documentos contábeis no SAP;Report;documento 'NFe33250531269012000220550010000201181594972939.pdf' foi anexado!;NoneType: None <br> 
03/06/2025 12:46:18;Automação para anexação de PDFs em documentos contábeis no SAP;Report;documento 'NFe33250532289829000738550010001886491251886497.pdf' foi anexado!;NoneType: None <br> 
03/06/2025 12:46:34;Automação para anexação de PDFs em documentos contábeis no SAP;Report;documento 'NFe33250535540381000186550010000106721009931042.pdf' foi anexado!;NoneType: None <br> 
03/06/2025 12:46:51;Automação para anexação de PDFs em documentos contábeis no SAP;Report;documento 'NFe33250535540381000186550010000107081009937398.pdf' foi anexado!;NoneType: None <br> 
03/06/2025 12:47:11;Automação para anexação de PDFs em documentos contábeis no SAP;Report;documento 'NFe33250631269012000220550010000201441352323380.pdf' foi anexado!;NoneType: None <br> 
03/06/2025 12:47:27;Automação para anexação de PDFs em documentos contábeis no SAP;Report;documento 'NFe33250631269012000220550010000201451961241062.pdf' foi anexado!;NoneType: None <br> 
03/06/2025 12:47:44;Automação para anexação de PDFs em documentos contábeis no SAP;Report;documento 'NFe33250631269012000220550010000201471257933682.pdf' foi anexado!;NoneType: None <br> 
03/06/2025 12:48:00;Automação para anexação de PDFs em documentos contábeis no SAP;Report;documento 'NFe35250508357463000117550010002100501071599113.pdf' foi anexado!;NoneType: None <br> 
03/06/2025 12:48:16;Automação para anexação de PDFs em documentos contábeis no SAP;Report;documento 'NFe35250511310152000107550010000502861121224510.pdf' foi anexado!;NoneType: None <br> 
03/06/2025 12:48:33;Automação para anexação de PDFs em documentos contábeis no SAP;Report;documento 'NFe35250514410865000130550010000218241693906556.pdf' foi anexado!;NoneType: None <br> 
03/06/2025 12:48:49;Automação para anexação de PDFs em documentos contábeis no SAP;Report;documento 'NFe35250514410865000130550010000218301063379104.pdf' foi anexado!;NoneType: None <br> 
03/06/2025 12:49:05;Automação para anexação de PDFs em documentos contábeis no SAP;Report;documento 'NFe35250519543599000138550550000094761000125556.pdf' foi anexado!;NoneType: None <br> 
03/06/2025 12:49:21;Automação para anexação de PDFs em documentos contábeis no SAP;Report;documento 'NFe35250547526655000161550010000055801100055809.pdf' foi anexado!;NoneType: None <br> 
03/06/2025 12:49:36;Automação para anexação de PDFs em documentos contábeis no SAP;Report;documento 'NFe35250547526655000161550010000056151100056152.pdf' foi anexado!;NoneType: None <br> 
03/06/2025 12:49:46;Automação para anexação de PDFs em documentos contábeis no SAP;Concluido;Trabalho concluido com sucesso;NoneType: None <br> 
03/06/2025 12:49:49;Automação para anexação de PDFs em documentos contábeis no SAP;Concluido;Trabalho com a data 02.06.2025 concluido com sucesso;NoneType: None <br> 
